STATE,COUNTY,MONTH,DAY,HOUR,MINUTE,VE_TOTAL,PERSONS,PEDS,NHS,ROAD_FNC,ROUTE,SP_JUR,HARM_EV,MAN_COLL,REL_JUNC,REL_ROAD,TRAF_FLO,NO_LANES,SP_LIMIT,ALIGNMNT,PROFILE,PAVE_TYP,SUR_COND,TRA_CONT,T_CONT_F,HIT_RUN,LGT_COND,WEATHER1,WEATHER2,C_M_ZONE,NOT_HOUR,NOT_MIN,ARR_HOUR,ARR_MIN,HOSP_HR,HOSP_MN,SCH_BUS,CF1,CF2,CF3,FATALS,DAY_WEEK,DRUNK_DR,ST_CASE,CITY,MILEPT,YEAR,TWAY_ID,TWAY_ID2,RAIL,LATITUDE,LONGITUD,VE_FORMS,WEATHER
6,111,4,20,18,40,1,4,0,0,12,3,0,1,0,1,2,3,2,65,1,1,2,1,0,0,0,1,1,0,0,99,99,99,99,99,99,0,0,0,0,1,1,0,60687,4027,10,2008,SR-33,99999999999999999999,0000000,34.29424722,-119.3052694,1,1
6,71,4,20,22,8,1,2,0,1,11,1,0,1,0,1,2,2,2,65,2,1,1,1,0,0,0,2,1,0,0,99,99,99,99,99,99,0,0,0,0,1,1,0,60688,3210,86,2008,I-215,99999999999999999999,0000000,34.12810278,-117.3034583,1,1
6,73,4,20,19,2,3,6,0,1,11,1,0,12,1,1,1,3,5,65,1,1,2,1,0,0,0,1,1,0,0,99,99,99,99,99,99,0,0,0,0,1,1,1,60945,710,51,2008,I-5,99999999999999999999,0000000,32.590775,-117.0883472,3,1
6,37,4,20,20,24,2,1,0,0,16,6,0,14,1,1,2,1,2,25,1,1,2,1,0,0,0,3,1,0,0,99,99,99,99,99,99,0,0,0,0,1,1,1,60946,2240,0,2008,N 6TH ST,99999999999999999999,0000000,34.0146,-118.1045139,1,1